1_engine,2_machinery-impact,3_non-machinery-impact,4_powered-saw,5_alert-signal,6_music,7_human-voice,8_dog,audio_filename
0.40721816,0.060257226,0.03223135,0.0044463445,0.06528711,0.009129893,0.06588839,0.009914274,00_002978.wav
0.21469842,0.38997808,0.26676702,0.0058919005,0.037116576,0.006919156,0.07459793,0.016771197,07_001751.wav
0.5863271,0.047830872,0.008491463,0.023103708,0.08922334,0.011878252,0.10814026,0.0023141704,03_000528.wav
0.30923608,0.25142887,0.10211234,0.012105197,0.0760975,0.0070114834,0.505408,0.045661673,04_001625.wav
0.24639684,0.13765956,0.03757604,0.032393318,0.051544618,0.016016925,0.23726286,0.005049746,00_000985.wav
0.16296458,0.033534482,0.009926858,0.011589537,0.08351268,0.052468214,0.6358585,0.00721538,05_000306.wav
0.18461373,0.23536499,0.15455978,0.011078261,0.07410616,0.022479609,0.43840793,0.013552724,03_003056.wav
0.13688062,0.04793228,0.017146686,0.011155575,0.1981474,0.07205921,0.608196,0.0053770137,06_000125.wav
0.12975392,0.036964964,0.011022128,0.008770593,0.08863377,0.02771741,0.7116885,0.012521245,09_000318.wav
0.34227994,0.22726886,0.115850724,0.02858674,0.13495727,0.035078805,0.2959289,0.0072132493,04_000483.wav
0.10770566,0.036735307,0.009978247,0.007343063,0.04673422,0.034814436,0.68459713,0.0047701825,06_000871.wav
0.105317965,0.08740217,0.04142905,0.008845849,0.10872349,0.058597878,0.6788243,0.0049642473,06_001562.wav
0.10460936,0.038175274,0.011421762,0.00817494,0.042351987,0.037287865,0.67770135,0.0062180413,06_001688.wav
0.33355156,0.14574985,0.016795898,0.022893237,0.550161,0.0060412367,0.1179012,0.008882464,03_000682.wav
0.10688751,0.033158444,0.008462055,0.014029274,0.095257,0.06753258,0.67658865,0.002410356,04_003044.wav
0.44089854,0.25229785,0.10452991,0.023203533,0.047463395,0.0045068115,0.019108295,0.0023932732,06_000742.wav
0.44554117,0.12814137,0.0718255,0.014911974,0.11915309,0.012653244,0.098455615,0.010637125,00_000066.wav
0.3649034,0.23522498,0.09289038,0.019303767,0.045860577,0.0154633215,0.24965554,0.013166845,04_001508.wav
0.07889119,0.02845805,0.007379554,0.0069086296,0.041564632,0.027400356,0.75025165,0.0051424643,09_000846.wav
0.42700973,0.1772871,0.020140612,0.016388506,0.026414787,0.0023667926,0.034339044,0.008289677,03_002350.wav
0.41436282,0.29696992,0.15440881,0.02314548,0.034824505,0.007980946,0.10062919,0.0061777714,04_000645.wav
0.23032604,0.2868426,0.20482208,0.0047402545,0.051109362,0.0054511125,0.0456414,0.018692287,10_001718.wav
7.962205e-05,0.016087938,1.916128e-06,3.6896492e-07,0.9773268,3.0577348e-06,6.278337e-05,2.3440727e-09,06_002911.wav
0.17803144,0.08093592,0.014796574,0.0130530195,0.60617507,0.022594946,0.3028944,0.005759135,03_000983.wav
0.067693464,0.04557076,0.0024892974,0.0021531067,0.7647007,0.0016929962,0.026273591,0.0006806558,07_003142.wav
0.49447197,0.04215309,0.0098943645,0.022051172,0.14881654,0.018327693,0.08437788,0.0017540649,03_002427.wav
0.4474975,0.03888307,0.010577898,0.021107052,0.048692252,0.013824199,0.07160939,0.0015064168,03_001385.wav
0.34768355,0.21442667,0.16453119,0.009542515,0.058449324,0.017026473,0.16151619,0.011584267,05_003115.wav
0.38104215,0.1975015,0.015228313,0.01075069,0.058515325,0.0009938258,0.013173829,0.0065339576,03_000215.wav
0.41750544,0.23197584,0.04216856,0.07304008,0.15942991,0.007090951,0.033872407,0.008607137,00_000688.wav
0.0014277011,0.0077966177,0.0019648222,0.0009473523,0.000103446306,8.8934956e-07,0.9915658,6.141747e-05,04_000681.wav
0.17559756,0.06583051,0.021370273,0.007573896,0.05422971,0.029296402,0.6185314,0.0037046894,04_001241.wav
0.10015028,0.061060198,0.017018894,0.035145484,0.20886451,0.04899632,0.572085,0.008015504,06_003037.wav
0.23751059,0.07868536,0.025812225,0.010353186,0.061762556,0.020251853,0.60727406,0.0065754596,07_001363.wav
0.2551913,0.116337895,0.029762007,0.019390713,0.090133935,0.022611277,0.56041604,0.002832325,04_001114.wav
0.099444136,0.02706608,0.006640874,0.0070384364,0.048394572,0.048890106,0.66739535,0.0027864075,04_001480.wav
0.14881094,0.10920298,0.05212191,0.006320486,0.042884726,0.022468822,0.61722267,0.006826263,06_001952.wav
0.5229946,0.113987915,0.02056588,0.017266767,0.025878236,0.0063260677,0.058989573,0.0034811804,00_001641.wav
0.24751277,0.2268632,0.09997594,0.005263753,0.6600585,0.018272873,0.064950034,0.0038943195,03_000463.wav
0.31798047,0.13125034,0.0724262,0.0208961,0.2680631,0.09425809,0.3432694,0.008841202,04_001123.wav
0.19615404,0.42324057,0.024548257,0.19177373,0.027658546,0.003263521,0.022944288,0.005875387,09_001294.wav
0.1293521,0.081236385,0.009186313,0.04303408,0.5710303,0.018693218,0.07941374,0.0018045935,03_000041.wav
0.1583472,0.27036682,0.18208817,0.008408961,0.0737683,0.011686795,0.4817582,0.010214337,10_002515.wav
0.12981473,0.20272754,0.07132895,0.008594569,0.6529932,0.011238355,0.040731903,0.010963583,10_002163.wav
0.31639898,0.2556762,0.036494277,0.21797696,0.11296301,0.010009648,0.06002394,0.0054680738,03_001815.wav
0.4803219,0.096827075,0.011786015,0.053995408,0.040560085,0.006385912,0.05443676,0.010096066,03_003246.wav
0.22282815,0.49282935,0.23406492,0.024387518,0.0317735,0.010974484,0.06002364,0.0096227,09_000516.wav
0.28014615,0.090750016,0.051409185,0.0050050234,0.067465045,0.02725161,0.14184211,0.052192856,05_001410.wav
0.2267701,0.055207808,0.021799756,0.0054734987,0.0576361,0.010676061,0.5682927,0.017913653,00_001813.wav
0.09250658,0.043185096,0.013759353,0.0206426,0.07487762,0.05391175,0.6811099,0.006704711,07_002400.wav
0.5181632,0.041178044,0.01103035,0.006408529,0.03459725,0.007971944,0.08762477,0.00125823,03_002716.wav
0.5082859,0.1559671,0.015764676,0.014620972,0.041147854,0.0021531438,0.024747714,0.010547214,03_002759.wav
0.26045674,0.44470277,0.08699616,0.026434384,0.033830192,0.0036701367,0.028300341,0.0056498963,03_002074.wav
0.44752347,0.17948195,0.024863271,0.020520987,0.025655922,0.005188406,0.048029236,0.0049574776,10_001982.wav
0.09694024,0.031880137,0.008311768,0.008995165,0.052513056,0.047436688,0.6678346,0.0024595873,04_002047.wav
2.2695283e-05,0.0026216328,0.0007759639,0.00013786166,5.996526e-07,4.442447e-11,0.99983644,2.548262e-06,06_001837.wav
0.1252649,0.04527171,0.01879025,0.013861595,0.063405864,0.06752057,0.54504883,0.033005733,05_002433.wav
0.2892194,0.27768442,0.23972298,0.0040112548,0.032222927,0.010245778,0.11711458,0.006452277,04_002862.wav
0.19308285,0.27813426,0.18328856,0.014300595,0.030838562,0.024155682,0.121393956,0.008665559,05_000744.wav
0.004322344,0.012192519,0.003174638,0.0015394035,0.0007595066,1.6569951e-05,0.9798594,0.00018634797,06_002323.wav
0.34992588,0.13370682,0.011566629,0.20256643,0.055838298,0.007223936,0.06888857,0.0066763237,03_001061.wav
0.1307855,0.036780033,0.012228631,0.0062596546,0.12200984,0.055978257,0.6995097,0.0057247235,04_002799.wav
2.7744583e-05,0.0019019626,0.00045353422,0.0001252822,9.389776e-07,8.3450455e-11,0.9998067,1.2104184e-06,06_000583.wav
0.0010869177,0.0067142732,0.0018072495,0.0007749678,0.00011416135,6.5299395e-07,0.99398106,0.00012648506,06_002380.wav
0.4080985,0.14964442,0.027640909,0.019848716,0.022901008,0.003386634,0.024250608,0.0039961026,00_001449.wav
0.14870155,0.048767015,0.012785126,0.012358995,0.040119022,0.022784207,0.703765,0.0046869004,04_002891.wav
0.10217433,0.05114239,0.015578682,0.009121327,0.039542615,0.040895462,0.60907906,0.014924839,06_001045.wav
0.23947237,0.2051767,0.050232116,0.059594598,0.06422017,0.022449788,0.303029,0.0045497925,06_000650.wav
0.33355898,0.036273185,0.008772531,0.007594019,0.7674123,0.010019718,0.10207014,0.0017905042,03_001109.wav
0.10689529,0.04765655,0.0148029905,0.0069038183,0.037018403,0.024692396,0.70462126,0.0062467777,04_002686.wav
0.13594246,0.123360634,0.06331751,0.014576864,0.089471504,0.036752395,0.5715141,0.004561874,00_001414.wav
0.27552998,0.2054718,0.086753406,0.01569438,0.050391153,0.026259067,0.35875005,0.012130547,04_001446.wav
0.24071032,0.11023196,0.013957981,0.25205836,0.062316213,0.01666912,0.2186626,0.0032002665,00_002472.wav
0.36094162,0.09621243,0.012480969,0.010066367,0.6755751,0.0105406325,0.14135066,0.0036590137,03_002809.wav
0.38285705,0.26706457,0.08009482,0.025531441,0.028903265,0.009626931,0.1283174,0.007551178,05_000262.wav
0.23744068,0.080354765,0.044669513,0.0037064322,0.06057101,0.032678846,0.21729504,0.019286478,06_002135.wav
0.31336445,0.23530647,0.014649717,0.07426145,0.038508028,0.00316664,0.02624946,0.007312345,03_000782.wav
0.2079388,0.091808,0.033208042,0.009308139,0.03250067,0.02792816,0.5465004,0.0048730327,10_002492.wav
0.18250282,0.24705033,0.032836903,0.08710743,0.10578361,0.012794,0.32203147,0.009668372,09_002040.wav
0.13405573,0.03728828,0.01090512,0.005649401,0.03753387,0.039915517,0.62671363,0.0045322618,06_002221.wav
0.4347089,0.15764783,0.008949353,0.0801469,0.061118506,0.003937864,0.050078407,0.009013568,07_000293.wav
0.42014417,0.21501872,0.0433357,0.016875684,0.02920287,0.00735763,0.17480622,0.012014587,00_002872.wav
0.10643405,0.033181377,0.009622768,0.015754128,0.106711686,0.07938941,0.6667183,0.0032195293,06_001327.wav
0.14223933,0.035751607,0.0041052755,0.0027655934,0.6667738,0.0070453878,0.05018176,0.0016617262,10_002157.wav
0.09328574,0.16325654,0.03470877,0.09739057,0.08955051,0.029036881,0.4763871,0.0021832834,04_001814.wav
0.3487337,0.13616489,0.084437795,0.0075021056,0.036982276,0.014488136,0.10654325,0.015347078,00_001967.wav
0.32096556,0.20811129,0.16548793,0.0025091292,0.07934227,0.00798356,0.05623701,0.007924963,10_000208.wav
0.10469956,0.06092383,0.020008856,0.010224436,0.07130572,0.03529787,0.6905804,0.011032477,06_000048.wav
0.1966632,0.03620174,0.014568519,0.0022291702,0.046867214,0.02209481,0.50694644,0.02259009,06_001290.wav
0.09134274,0.043490436,0.013438676,0.015377163,0.05617536,0.039413013,0.7198583,0.016528409,06_001922.wav
0.3184768,0.30403602,0.08418448,0.014766943,0.3014307,0.008130286,0.2787171,0.0133772325,03_001005.wav
0.33793163,0.0548958,0.017098945,0.009926478,0.07231942,0.024303433,0.4815975,0.0075129317,06_002435.wav
0.15415265,0.08542695,0.037292488,0.0065620607,0.046226848,0.019591391,0.62367,0.061868776,06_002028.wav
0.2808439,0.14075863,0.016217107,0.029056983,0.6500338,0.007819499,0.19238076,0.008752236,03_000893.wav
0.33707458,0.1270027,0.0109021375,0.095118575,0.03869435,0.00528905,0.11145487,0.0065107895,10_002640.wav
0.37040612,0.21026437,0.022339262,0.015729483,0.03608416,0.0014512131,0.014403163,0.0062435963,03_000188.wav
0.49430552,0.0771982,0.010553979,0.05480361,0.04701055,0.007983824,0.028250117,0.0025031178,04_001159.wav
0.4244593,0.17571746,0.045373198,0.018724151,0.07869806,0.009916418,0.14405568,0.006987085,04_001757.wav
0.113015026,0.039856095,0.009286087,0.007344196,0.69634366,0.035073027,0.39037895,0.0037365756,03_002882.wav
0.094106615,0.026087875,0.006152835,0.008380588,0.0686325,0.049626905,0.7197045,0.0053212834,05_001216.wav
0.13165388,0.033022705,0.009985611,0.011779453,0.09999734,0.1117168,0.57002825,0.005227562,03_000838.wav
7.4956224e-05,0.0028916863,0.00062920665,0.00023280045,2.427211e-06,6.0628147e-10,0.99953794,2.623687e-06,06_002758.wav
0.3775492,0.033318322,0.010621279,0.0022570805,0.05492972,0.012159863,0.11461386,0.0016630444,03_000965.wav
0.1526061,0.034230072,0.0037542437,0.0017251874,0.6801427,0.006695654,0.12847906,0.0015789474,10_002955.wav
0.4703592,0.075044096,0.025981668,0.0056994664,0.06454093,0.009592033,0.083338104,0.018788343,00_001108.wav
0.48294657,0.07040684,0.021751754,0.008994291,0.028310675,0.008124693,0.11850102,0.0026194444,00_000970.wav
0.09361042,0.13145824,0.08588079,0.019640101,0.079903536,0.042795222,0.5657153,0.034366973,06_001160.wav
0.3280814,0.047311414,0.0134171415,0.0033581068,0.10340623,0.025217013,0.31799427,0.0025316146,03_002520.wav
0.14476144,0.083363764,0.032472648,0.022632781,0.3087511,0.0882371,0.5995572,0.0057386365,04_001187.wav
0.16429254,0.049788438,0.005734231,0.002477735,0.63878006,0.009398111,0.09447721,0.0018790406,04_001443.wav
0.003642784,0.009888574,0.0024941626,0.0014223015,0.0005229708,9.971696e-06,0.98227155,0.00014777857,06_000150.wav
0.51764846,0.07088189,0.01572833,0.011983637,0.029938942,0.0031980977,0.022161948,0.0039239586,04_002543.wav
0.42626387,0.0475033,0.01541323,0.006504334,0.025865046,0.01065802,0.064443015,0.002603621,06_001106.wav
0.35503975,0.13652115,0.019875381,0.024191946,0.57657063,0.0050239717,0.32520878,0.006498784,00_000440.wav
0.10169501,0.046990193,0.015010121,0.012409524,0.0807721,0.07629135,0.625093,0.0034194263,04_000468.wav
0.10926416,0.03363853,0.0086090015,0.0063141193,0.039530795,0.024038073,0.7514689,0.015272326,06_000749.wav
0.438512,0.13310823,0.013434391,0.024821848,0.03355269,0.0022236744,0.013700963,0.0048720688,10_000802.wav
0.40858966,0.18287554,0.0111553585,0.09542647,0.16868001,0.0044310214,0.020359498,0.0023736616,00_002749.wav
0.14271696,0.21568745,0.02527561,0.06517442,0.53612006,0.010217663,0.087928355,0.008977119,03_002438.wav
0.32692844,0.046875425,0.017274925,0.008955644,0.081167266,0.032570295,0.14649644,0.0030291812,04_002875.wav
0.17992407,0.16222818,0.086692855,0.026726332,0.06523013,0.06785095,0.40695173,0.0072156982,06_000876.wav
0.23666842,0.041982878,0.012283933,0.011454555,0.653948,0.031922072,0.2935228,0.0038759946,07_001229.wav
0.15637368,0.12670003,0.059650727,0.01021779,0.03573296,0.03566005,0.49821657,0.009034176,06_000768.wav
0.08495537,0.1544242,0.010391697,0.62246466,0.032062914,0.009121886,0.043432828,0.010622742,03_003011.wav
0.23236658,0.06725191,0.0063330587,0.3554511,0.20198075,0.021638028,0.061510522,0.0032939704,04_001649.wav
0.3730579,0.19443001,0.044168472,0.015164646,0.08118143,0.007700863,0.31349644,0.013566551,00_002626.wav
0.35367322,0.16292071,0.008831796,0.026729861,0.2979506,0.0033431132,0.017679773,0.0027561723,03_000729.wav
0.00042452908,0.0059382645,0.0014903189,0.00042996567,2.8738343e-05,3.0762763e-08,0.9981541,3.5054294e-05,04_001745.wav
0.47597477,0.09869942,0.018284095,0.006675296,0.04782393,0.009703848,0.21686693,0.013318968,03_001127.wav
0.40659162,0.25023925,0.16323388,0.009605256,0.033938594,0.009640688,0.09997987,0.03887858,05_002653.wav
0.4678445,0.084727146,0.027167493,0.010481769,0.045573935,0.013385265,0.11734856,0.0058399416,00_002325.wav
0.011354572,0.019485526,0.005614608,0.0039720605,0.0031674798,0.00028660666,0.937179,0.00030501198,05_000543.wav
0.104405046,0.029008854,0.0073038735,0.0071442635,0.074025065,0.05153404,0.69656444,0.00401546,04_000030.wav
0.30527833,0.0850733,0.04490245,0.0026123729,0.05720769,0.02453613,0.27487946,0.0103229005,03_002556.wav
0.33274087,0.18263182,0.026421098,0.24541469,0.06061983,0.012104371,0.104781605,0.034681424,04_001416.wav
0.3707328,0.20908514,0.031883996,0.0070498525,0.04389329,0.003661702,0.028991587,0.0065604197,03_002883.wav
0.496965,0.06182595,0.015642019,0.011175132,0.054813854,0.0113091245,0.43054938,0.003392692,03_001237.wav
0.50345,0.044151545,0.014119858,0.006884948,0.027459878,0.007540329,0.03631677,0.0016340355,04_001029.wav
0.09684645,0.1495876,0.008993618,0.6258067,0.035110857,0.009611078,0.036370106,0.0102269035,06_002403.wav
0.15838048,0.041629788,0.0049560806,0.0025122566,0.6186348,0.0053787637,0.032578364,0.0014620814,09_001706.wav
0.2984479,0.23946975,0.017210808,0.059943125,0.053853676,0.0029643758,0.02712952,0.014067344,03_002326.wav
0.39609173,0.27151805,0.04477987,0.06329795,0.04381215,0.0059590316,0.03339982,0.0103072785,00_000436.wav
0.15618019,0.026771538,0.005703162,0.0064181006,0.53555626,0.024450893,0.17078389,0.08418998,10_000024.wav
0.48167163,0.050205164,0.013519538,0.0044675884,0.10363309,0.004895925,0.06530889,0.005916659,10_000909.wav
0.12565415,0.13299721,0.06060745,0.020846602,0.04871947,0.035204966,0.6012928,0.009340567,04_000182.wav
1.9139877e-06,0.0008906191,0.00019257642,4.0601277e-05,2.6414815e-08,1.223403e-13,0.9999825,8.0170864e-08,06_001133.wav
0.29715833,0.10338483,0.018979954,0.027007382,0.2141978,0.029198855,0.56534386,0.008855274,03_001019.wav
0.30591744,0.36428016,0.023811415,0.030716995,0.029880628,0.0011194209,0.012319031,0.0049887174,07_002307.wav
0.123337574,0.06642452,0.02814471,0.007848563,0.044846434,0.03436758,0.7043286,0.013557761,06_000334.wav
0.38744634,0.1687036,0.010574458,0.08202324,0.03132126,0.0051136515,0.039827086,0.0061175283,10_000672.wav
0.16244178,0.18108112,0.116421774,0.0056552943,0.060105547,0.021771675,0.4324889,0.010282117,00_000765.wav
0.3854159,0.13884565,0.013915491,0.07689894,0.032897934,0.006352566,0.045325913,0.004409839,03_001616.wav
0.34536162,0.2032152,0.016007908,0.12142826,0.023669615,0.004345428,0.07423953,0.0050712987,10_001242.wav
0.24292414,0.34612733,0.020302203,0.15958616,0.05249508,0.0042991433,0.021571249,0.012030922,09_002348.wav
0.1895868,0.039932176,0.007879614,0.05574818,0.5251495,0.027620196,0.052052997,0.0017869038,10_003220.wav
0.15413108,0.055132914,0.016000167,0.008873413,0.05185953,0.019710964,0.6847677,0.0067856307,05_002296.wav
0.11429706,0.09485431,0.04499304,0.009206651,0.07572223,0.043271657,0.6210399,0.008704531,09_000839.wav
0.17000301,0.082060054,0.04074638,0.0077801165,0.15788484,0.023471553,0.54710424,0.059931863,03_002939.wav
0.25784522,0.068525136,0.022665117,0.008816282,0.11058527,0.026096968,0.5634852,0.004850595,10_002152.wav
0.19653153,0.084520325,0.017356917,0.011278116,0.11437305,0.025522463,0.5548481,0.0067039644,03_001796.wav
0.16965379,0.09428183,0.027506325,0.060255688,0.09717746,0.081055686,0.5306314,0.0022943474,05_000792.wav
0.10640047,0.069625586,0.03737666,0.009498563,0.10092487,0.07650678,0.6744333,0.010652118,06_002819.wav
0.00027259268,0.008366366,0.002699191,0.0005869038,1.643776e-05,2.5835911e-08,0.99780625,1.0373388e-05,06_001006.wav
0.09612908,0.07643749,0.035570256,0.009375816,0.05713222,0.028760614,0.74423546,0.012771291,07_000822.wav
0.13145551,0.15208659,0.108184144,0.01833316,0.46629667,0.10201728,0.445041,0.0073063215,06_000069.wav
0.2226033,0.20688076,0.022990782,0.11705127,0.034323443,0.0095967995,0.11078516,0.010542787,06_002565.wav
0.107013665,0.118163444,0.06761954,0.012962807,0.044536885,0.029654631,0.5705098,0.03832556,06_003047.wav
0.36859128,0.17801549,0.009817352,0.078114845,0.059821494,0.0025657278,0.009908491,0.002361864,06_002320.wav
0.09818113,0.0472268,0.017015494,0.016173711,0.1188187,0.11810946,0.61184555,0.0045099338,04_001782.wav
0.5454776,0.108915195,0.02214395,0.014626765,0.04510726,0.004258991,0.03805921,0.0039409758,07_000016.wav
0.10195156,0.059376094,0.021687021,0.012209628,0.11957918,0.073721975,0.6564959,0.0042152354,06_000356.wav
0.11014337,0.16630986,0.08389623,0.008556838,0.047297988,0.012609889,0.60771656,0.07797887,06_002332.wav
0.27597627,0.1772549,0.012860115,0.35093704,0.09237891,0.012493916,0.07781931,0.0026423675,07_001803.wav
0.1770025,0.065602995,0.022124834,0.005887942,0.44277427,0.038832795,0.50468034,0.004251477,10_001091.wav
0.18791656,0.073055744,0.034756847,0.005936388,0.5660905,0.06830146,0.38061297,0.007844873,05_001997.wav
0.19807607,0.085026644,0.00788717,0.0508821,0.5084297,0.0053736563,0.017085157,0.0012319238,03_002136.wav
0.10877903,0.045238364,0.015036287,0.009639487,0.041238163,0.042725727,0.67499626,0.006391388,00_001756.wav
0.25337815,0.28829074,0.012341028,0.0933649,0.023376577,0.00290067,0.030099029,0.0056046606,09_000408.wav
0.26990068,0.28598446,0.020586003,0.12512685,0.06606111,0.0033073602,0.016639905,0.008143275,09_003032.wav
0.142809,0.06492199,0.023999805,0.02115339,0.22186334,0.09276881,0.58656234,0.0077594384,10_001475.wav
0.31562012,0.2698503,0.19149157,0.0026755598,0.08024397,0.0057128286,0.18082052,0.013203026,10_000741.wav
0.12233687,0.031931475,0.0041122097,0.0036204518,0.7113456,0.008968473,0.07241907,0.0017701783,10_002446.wav
0.11464049,0.04589442,0.0037005963,0.0030408693,0.74561864,0.0027954506,0.025541384,0.001032654,06_002367.wav
0.12232791,0.044748675,0.017973555,0.015937248,0.28489515,0.18468039,0.41037458,0.005348494,05_003241.wav
0.22222166,0.036179524,0.008443938,0.011574356,0.3775409,0.060744245,0.4492624,0.005254513,05_001860.wav
0.31039244,0.13479832,0.029669419,0.01818358,0.04968453,0.0062776404,0.39767233,0.067757696,06_001221.wav
0.14467189,0.103131,0.030789027,0.030930055,0.029980063,0.033844255,0.57227004,0.005125985,04_000807.wav
0.33621746,0.28834444,0.07350972,0.015047928,0.04640605,0.002898077,0.058830105,0.18626493,07_001547.wav
0.13076861,0.040476758,0.006526094,0.0047326256,0.71839595,0.009606018,0.068287276,0.0046586776,00_000277.wav
0.2088573,0.10617839,0.0527642,0.024372146,0.29359066,0.14561483,0.40064344,0.0070433896,05_000696.wav
0.19388174,0.04597726,0.022231482,0.0050826357,0.63810533,0.033540614,0.24868351,0.05783243,05_002770.wav
0.106965475,0.11913127,0.02973902,0.038512614,0.04286451,0.025078274,0.6277777,0.006433925,06_003221.wav
0.42964318,0.09272237,0.026924612,0.02033478,0.073954195,0.012725673,0.07947259,0.005358376,03_002417.wav
0.11137953,0.19083834,0.010956207,0.52834696,0.04016942,0.011277021,0.08823695,0.007745621,04_000212.wav
0.01319096,0.014442034,0.0033439093,0.0026505147,0.0038286136,0.00027384303,0.9431018,0.00035722458,04_002810.wav
0.56821656,0.108889066,0.012263821,0.026072465,0.054142244,0.005723893,0.044278488,0.0036094275,06_001728.wav
0.2230999,0.06599639,0.023182444,0.004707872,0.060862433,0.01941018,0.46317762,0.0065002316,07_000145.wav
0.3134989,0.31916222,0.07302851,0.1429705,0.11663403,0.013744563,0.100735515,0.006983403,07_001016.wav
0.10816478,0.19581756,0.11014771,0.019031595,0.56473166,0.035078928,0.5515866,0.010161281,04_000859.wav
0.091733,0.04663221,0.016469179,0.010026361,0.29468155,0.07964758,0.6224953,0.006850688,06_002268.wav
0.23500903,0.051828086,0.014556775,0.004190215,0.033830192,0.011302483,0.5524646,0.007678152,07_001419.wav
0.18775669,0.10760667,0.051238846,0.0070231925,0.049810547,0.030088702,0.6161491,0.007947086,10_003066.wav
0.1430249,0.032318257,0.0040038973,0.0030976979,0.72686285,0.0065781693,0.050202265,0.0013326039,03_003086.wav
0.53223723,0.1312188,0.027914558,0.034152806,0.044016764,0.009165339,0.085155696,0.0041871,03_001405.wav
0.1237485,0.040494908,0.0100728795,0.008566292,0.06312175,0.050111525,0.6884373,0.002756917,07_001184.wav
0.29290774,0.12911098,0.059003793,0.011890873,0.05393478,0.032168187,0.3186239,0.0050009647,06_000619.wav
0.10659601,0.08654926,0.0398615,0.010549842,0.044875987,0.0403752,0.65820426,0.007869626,06_002961.wav
0.29394925,0.14693701,0.010786465,0.05541176,0.35570577,0.008328906,0.055207744,0.003408372,00_001597.wav
0.25379688,0.055929005,0.009111557,0.010798331,0.636403,0.014457768,0.12665199,0.008034289,03_003057.wav
0.521293,0.102088474,0.010351672,0.033292934,0.059424866,0.00420513,0.07180307,0.004569234,10_000431.wav
0.12883721,0.03375413,0.010212004,0.017142523,0.20370263,0.16532956,0.5264581,0.0039994936,10_000680.wav
0.1435505,0.124096595,0.046677563,0.0060913176,0.64449126,0.03935485,0.16075416,0.012749665,03_001204.wav
0.09759059,0.040060163,0.014586052,0.008877385,0.10036592,0.052613463,0.7106182,0.017220855,05_002207.wav
0.29228276,0.3390576,0.030003404,0.05451188,0.026834363,0.005373371,0.033604715,0.008485909,03_000840.wav
0.46040758,0.16649446,0.025281508,0.038877025,0.033875484,0.002437507,0.015689814,0.007057851,03_001708.wav
0.21837942,0.10001277,0.014647885,0.0789085,0.06650703,0.023383182,0.51680285,0.0057166573,04_003239.wav
0.37672046,0.1532664,0.01986232,0.22883101,0.096637584,0.009293034,0.02628361,0.004002199,07_001232.wav
0.22119331,0.05391656,0.01285015,0.017315358,0.050969526,0.016684461,0.6047174,0.003425392,10_002071.wav
0.325096,0.12561186,0.052137814,0.02136314,0.6703194,0.02518737,0.044205368,0.0032366675,04_000910.wav
0.6514903,0.08001363,0.018512981,0.015589875,0.060643755,0.0060573644,0.04100079,0.005408562,00_002112.wav
0.13748659,0.110972404,0.051706355,0.0055544823,0.04295559,0.011730684,0.62900066,0.03741101,06_001759.wav
0.17755277,0.045554753,0.014429024,0.00386752,0.056256037,0.026084177,0.6092543,0.0045958897,07_000075.wav
0.42674723,0.08931494,0.020921603,0.015249287,0.04102762,0.013488159,0.3467574,0.016714074,00_000118.wav
0.5098548,0.10254183,0.017925948,0.023207424,0.05492516,0.0052478397,0.04926147,0.0042985408,00_002822.wav
0.23827246,0.077022426,0.03832068,0.010025556,0.29651257,0.07182709,0.4413468,0.018152377,06_002233.wav
0.19956385,0.05174697,0.014301393,0.008629333,0.5721784,0.03426244,0.15923546,0.012692652,04_002259.wav
0.48148152,0.14848599,0.015196456,0.01895261,0.026110867,0.0020964255,0.0207075,0.0028494394,10_001457.wav
0.000105799474,0.0031465027,0.00073687575,0.00024679812,5.7305597e-06,1.8057397e-09,0.9993824,3.5007008e-06,09_002918.wav
0.37115192,0.2456148,0.015092115,0.061678723,0.04592988,0.0039862758,0.025599422,0.0049737813,07_001912.wav
0.00075292005,0.0089447955,0.0026276344,0.0010430834,6.8849346e-05,2.1740635e-07,0.9955167,8.704096e-05,06_001047.wav
0.42015967,0.30373418,0.03403091,0.030658048,0.04823641,0.002664799,0.014946629,0.008974671,07_002241.wav
0.2035708,0.388208,0.14476284,0.030067688,0.055138454,0.011172225,0.4627744,0.0068365377,03_001711.wav
0.11664339,0.20848149,0.043216523,0.5073899,0.10217822,0.014306364,0.25324905,0.012437611,05_000547.wav
0.10204373,0.064471535,0.026423385,0.0100479275,0.045978714,0.03972695,0.67937195,0.0057614585,06_000895.wav
0.10123116,0.044894397,0.016704883,0.012968995,0.14941269,0.07878617,0.68320304,0.0072832173,06_000307.wav
0.100754395,0.022560956,0.005340687,0.0030832025,0.27517313,0.058305297,0.6364918,0.007748055,04_001647.wav
0.10796077,0.050100397,0.019695522,0.014876355,0.05524121,0.06947627,0.6235098,0.006272934,06_001561.wav
0.10362401,0.031099252,0.008073275,0.007092895,0.0487921,0.03649494,0.7112488,0.0034846112,06_000646.wav
0.41536424,0.041496806,0.008122296,0.002270959,0.1638868,0.0072785374,0.19753212,0.002721337,09_000607.wav
0.39693707,0.041829582,0.014419649,0.0067810365,0.07282464,0.011160209,0.045514878,0.0033632717,05_001553.wav
0.11103674,0.03686962,0.0032406333,0.0022428466,0.7442876,0.0038565542,0.03787958,0.001221826,00_002600.wav
0.22969258,0.03955448,0.0051721893,0.005388182,0.6867909,0.004452351,0.027028544,0.0015078334,03_002315.wav
0.4130305,0.2926843,0.12207271,0.037288867,0.057492606,0.007313401,0.097437225,0.03594128,00_002349.wav
0.5142204,0.07694358,0.013882213,0.013049579,0.049895905,0.0036151425,0.020991119,0.0012753912,04_002871.wav
0.2612575,0.049380828,0.016860295,0.0050878176,0.027860628,0.016043602,0.055621754,0.00086395314,05_001525.wav
0.38821116,0.1539546,0.009540239,0.11376782,0.042201888,0.005228313,0.035269286,0.0057157464,03_001904.wav
0.41334158,0.27481672,0.034668665,0.01707972,0.05718153,0.0041086026,0.12827946,0.02060641,03_000629.wav
0.095345184,0.07032363,0.026191503,0.020695971,0.071429096,0.06624748,0.6167489,0.004391463,06_002228.wav
0.13538231,0.03780863,0.0054884674,0.0047069895,0.66674906,0.011112388,0.07701876,0.0016107899,06_002905.wav
0.13019074,0.69302094,0.14119081,0.0321891,0.03135362,0.0027539479,0.121415846,0.0110787,04_002110.wav
0.16196872,0.07424894,0.021549718,0.0016885943,0.6008487,0.02265313,0.36200973,0.025068494,10_002752.wav
0.23129742,0.23527393,0.12561524,0.0071709617,0.055539772,0.0064132763,0.5052047,0.0071408344,04_002011.wav
0.5338916,0.03296942,0.009460558,0.01788533,0.0490041,0.013533389,0.06805971,0.0019228598,04_000727.wav
0.33130738,0.076102376,0.009959731,0.009486372,0.31247962,0.0024684442,0.01901393,0.011804846,03_000230.wav
0.4595319,0.10001798,0.024715517,0.016328797,0.45324972,0.016877567,0.2404996,0.0076305536,00_001429.wav
0.38087684,0.2155569,0.1424361,0.014925127,0.07622197,0.012125378,0.08476022,0.053426776,10_002189.wav
0.31425372,0.041568145,0.009364738,0.013660337,0.5221944,0.04570661,0.37068838,0.002954128,05_000203.wav
0.40100333,0.1562532,0.013644419,0.15824586,0.05898283,0.009709925,0.042614963,0.009907508,00_001865.wav
0.33006594,0.06834504,0.009540509,0.016157435,0.08949365,0.01335227,0.43313095,0.0036160338,00_001707.wav
0.10262363,0.05397133,0.025580624,0.01227327,0.088092156,0.059738316,0.6692827,0.018590774,04_002068.wav
0.25038964,0.28497002,0.009207791,0.049230654,0.071919255,0.0019174143,0.01262609,0.0056707608,07_000382.wav
0.006323919,0.06901695,0.00066178414,0.0004191595,0.93281496,0.00015196562,0.02377718,3.675173e-05,04_001217.wav
0.2820959,0.073498525,0.01962823,0.009127293,0.7428015,0.006196889,0.036527414,0.0044350536,03_002934.wav
0.00040837313,0.0045840554,0.001029132,0.00030912072,1.8804432e-05,2.208017e-08,0.9983412,2.8784501e-05,05_002009.wav
0.42959407,0.16144733,0.02044427,0.01618006,0.066056244,0.002782691,0.029675115,0.005251498,00_002020.wav
0.11052618,0.028960958,0.008804353,0.008963024,0.41342828,0.10469918,0.5708955,0.010336432,05_000169.wav
0.093522735,0.07947164,0.03831221,0.011453464,0.056715935,0.0371626,0.6976966,0.012220306,06_001669.wav
0.10476541,0.046368293,0.014681137,0.0069698063,0.04979889,0.030802729,0.7357837,0.007242697,09_002861.wav
0.32285252,0.08543518,0.03580548,0.01922358,0.3198491,0.068129554,0.22101422,0.016789708,04_000534.wav
0.035516497,0.06604656,0.025011184,0.0063042785,0.0069726515,0.0015895844,0.85075194,0.0017104498,06_002063.wav
0.11603484,0.1095769,0.04337225,0.014648774,0.057887096,0.04630961,0.61346763,0.0078070117,06_001003.wav
0.12047109,0.037992235,0.01128966,0.016027432,0.21158205,0.12073631,0.58660316,0.003631217,05_000222.wav
0.48851776,0.08935497,0.014216778,0.03433721,0.03326828,0.00586674,0.029737698,0.0061455634,04_000588.wav
0.16834778,0.035211984,0.008683789,0.004751417,0.21680072,0.023647446,0.6386895,0.004784747,07_000873.wav
8.6157236e-08,0.00029501758,6.532582e-05,6.319352e-06,4.0711504e-10,5.2744738e-17,0.99999917,5.1098277e-09,06_001066.wav
0.02091752,0.025918871,0.006954875,0.004389112,0.0065104817,0.00079964875,0.9125333,0.0006348363,06_002738.wav
0.21181282,0.11392129,0.07114944,0.005016697,0.67976093,0.028435111,0.3550392,0.022907278,00_000924.wav
0.36590827,0.3030942,0.04121091,0.12247213,0.039695412,0.002756542,0.013723378,0.0036972906,03_000503.wav
0.26976967,0.044346284,0.013169112,0.016799975,0.097405195,0.06574799,0.43482563,0.00950419,05_001276.wav
0.26620755,0.15469366,0.10279211,0.006095742,0.6797271,0.028474182,0.3072968,0.01650689,00_000612.wav
0.28467175,0.063923694,0.014216899,0.009418192,0.70638114,0.010839206,0.07326801,0.0042729587,03_000076.wav
0.1849772,0.09528983,0.031837855,0.009887303,0.0357069,0.016396156,0.62475824,0.0067341626,04_001769.wav
0.0015389902,0.02136003,0.008191221,0.0013288859,0.0001666461,9.811838e-07,0.99182254,0.00013954342,06_002373.wav
0.12898768,0.14360175,0.008323179,0.3013183,0.037207346,0.0073184227,0.25287685,0.017015232,04_001863.wav
0.10780102,0.08618165,0.020518092,0.03860878,0.048096336,0.030661114,0.6445353,0.0077582966,06_002392.wav
3.3287826e-05,0.0020352732,0.00048358206,0.00012602314,1.1008749e-06,1.2324336e-10,0.999764,1.3670796e-06,06_000317.wav
0.38299143,0.23443155,0.05408546,0.020468732,0.050924614,0.0072261766,0.03146241,0.0060134265,03_001428.wav
0.25495762,0.4247228,0.07995913,0.037195746,0.22627568,0.012140099,0.07382114,0.005288365,04_002022.wav
0.1852088,0.19996409,0.07345744,0.027211616,0.18306206,0.10326677,0.31897077,0.010274487,04_000244.wav
0.17002109,0.1877591,0.0417924,0.02943291,0.076751076,0.01733407,0.558098,0.014100356,00_000934.wav
0.11018793,0.037089046,0.011005674,0.01078381,0.15388072,0.07884725,0.65422225,0.0034627519,06_000579.wav
0.5262601,0.098232605,0.023146525,0.021515679,0.10597222,0.010095675,0.074468866,0.00730545,00_001651.wav
0.32967314,0.10937761,0.05319917,0.0038535087,0.028653722,0.0054191966,0.087708235,0.007039839,00_000357.wav
0.2229897,0.049509503,0.016164048,0.0029199743,0.05566389,0.01881651,0.5658151,0.011093745,04_002481.wav
0.21767735,0.32376447,0.093838625,0.012884388,0.050446734,0.00842586,0.33066824,0.0052308785,03_002547.wav
0.07975767,0.08434097,0.029837992,0.013627019,0.056187093,0.010319715,0.5382558,0.23769253,06_000535.wav
0.0019939856,0.015707005,0.0053970614,0.0016331405,0.00026661967,3.4811187e-06,0.9880705,8.150393e-05,09_001284.wav
0.15781875,0.21630074,0.05907151,0.019852625,0.04364025,0.003799174,0.30568132,0.106784135,00_001897.wav
0.071196474,0.05303648,0.018576898,0.012949129,0.03761017,0.019534865,0.7102005,0.008993679,06_002455.wav
0.44174483,0.08704505,0.018976714,0.013597939,0.074700765,0.006688975,0.13665381,0.03715748,00_000823.wav
0.1624753,0.03676833,0.011707269,0.0092762,0.1303547,0.07710677,0.6652158,0.004752822,04_000918.wav
0.120916046,0.20371293,0.11758165,0.021558044,0.058762934,0.021690192,0.46907464,0.025924467,05_001530.wav
0.21310282,0.14031526,0.08450144,0.010250459,0.104266495,0.021451795,0.45591548,0.02986452,05_002374.wav
0.5878438,0.10403245,0.016811732,0.011099924,0.10834934,0.0055053094,0.084997766,0.014818047,00_001697.wav
0.41930035,0.22100349,0.14260764,0.01005738,0.035935707,0.005709019,0.048634347,0.016087854,00_000925.wav
0.1957984,0.17524096,0.10107342,0.004767852,0.028616142,0.0132354265,0.53075004,0.00760974,10_000450.wav
0.21141264,0.063607596,0.005938822,0.0040754955,0.59366715,0.010699772,0.21910897,0.005552365,04_000338.wav
0.097952746,0.029400295,0.00698772,0.009711851,0.069223605,0.04994653,0.7125841,0.004147953,04_001646.wav
0.121718414,0.049431846,0.015530286,0.0062505733,0.033808175,0.022282157,0.71879214,0.007019529,04_003151.wav
0.0012341194,0.010420069,0.0026154958,0.0011393407,0.00012818101,6.712191e-07,0.99431217,5.6833014e-05,06_003105.wav
0.23822935,0.17971443,0.0849952,0.002911176,0.6498119,0.010327392,0.045852147,0.005969444,07_003114.wav
0.39124715,0.15235963,0.016334519,0.029595496,0.018783424,0.0023965528,0.014785129,0.0027626546,10_002456.wav
0.11950807,0.15553954,0.09458417,0.015021033,0.085778356,0.06807726,0.5225994,0.0050536096,04_000570.wav
0.52723795,0.09514439,0.010448182,0.06994815,0.24390672,0.007760565,0.046298873,0.008165898,06_001853.wav
0.15517114,0.069503464,0.012169746,0.018112196,0.26111048,0.028307553,0.56196356,0.0021910686,03_001907.wav
0.5826388,0.10529457,0.03628692,0.021089936,0.05676471,0.0095236,0.0728629,0.012476833,03_003113.wav
0.13041382,0.04283237,0.013506864,0.013485183,0.1328904,0.07793245,0.6792384,0.0092554465,04_002850.wav
0.26187652,0.19252071,0.05958586,0.03615554,0.09021243,0.016522536,0.41823232,0.007600505,04_000417.wav
0.24059623,0.45655406,0.049641144,0.11438611,0.1474165,0.008830979,0.03590652,0.012057687,06_002347.wav
0.117959104,0.06550396,0.012559508,0.0054476596,0.38995966,0.032300677,0.41090977,0.003301857,03_001470.wav
0.1699663,0.036363363,0.008488589,0.012843177,0.06896202,0.055770133,0.668121,0.002467861,05_003033.wav
0.14282395,0.03919923,0.009717389,0.008100857,0.05441205,0.03425266,0.6675518,0.0048147608,06_001849.wav
0.45165607,0.19626522,0.0947242,0.025294399,0.10166376,0.016231256,0.13903385,0.018423239,04_000490.wav
0.29849356,0.46766073,0.13257042,0.04246462,0.0748722,0.0068988902,0.04121218,0.0028163185,03_001582.wav
0.2600699,0.07147363,0.032061026,0.012049533,0.051648315,0.02449759,0.29247496,0.08402576,06_002744.wav
0.1024076,0.06370074,0.024856359,0.014327587,0.06069102,0.04631186,0.70305187,0.0037528279,04_003140.wav
0.0002781134,0.010945269,0.0042733545,0.0005472745,1.2022472e-05,1.2410283e-08,0.9984118,3.9764967e-05,06_001058.wav
0.17036535,0.46413186,0.024434198,0.04553426,0.029269485,0.002356605,0.021716768,0.00548656,04_000892.wav
0.12635034,0.028421013,0.004889195,0.0029384142,0.63555807,0.015321808,0.07797793,0.0016618146,03_001150.wav
0.13414405,0.18302986,0.1009679,0.013708232,0.05350045,0.02898004,0.5330378,0.009919696,06_000559.wav
0.12757516,0.034539748,0.009012644,0.010194533,0.4709054,0.07402129,0.5123197,0.0039725904,06_001337.wav
0.2583624,0.33987492,0.11055872,0.13924015,0.105607435,0.023791466,0.04454001,0.018051635,10_000620.wav
0.10989139,0.14013138,0.07314699,0.021773888,0.64055866,0.044305626,0.07394124,0.012117583,05_001577.wav
0.032881018,0.026618345,0.007563957,0.0033000435,0.005346536,0.0007851499,0.89085037,0.0019172226,04_001161.wav
0.16386619,0.03543896,0.0072322227,0.0029779007,0.65634865,0.017182488,0.10630895,0.008996373,10_000127.wav
0.11313506,0.053842902,0.017257828,0.012177419,0.058392696,0.04844631,0.6913869,0.0034692048,04_000040.wav
0.22012943,0.40496588,0.26353124,0.009679194,0.06160327,0.0055869096,0.05608012,0.027248321,10_000818.wav
0.15019223,0.040252667,0.01276477,0.009108953,0.05905272,0.015355619,0.46957526,0.38909385,05_001151.wav
0.21060002,0.07884614,0.028250169,0.025286915,0.14424193,0.09217493,0.53557944,0.0049288864,06_000905.wav
0.10715038,0.094251685,0.042117666,0.011189062,0.04714219,0.036280643,0.6888626,0.0068476098,03_003223.wav
0.19194809,0.039879277,0.007038463,0.0110581815,0.6137442,0.030993037,0.2468105,0.0044184728,04_000626.wav
0.13555746,0.3534279,0.22537771,0.00793707,0.03921162,0.015322677,0.47192806,0.006722206,06_002549.wav
0.16819549,0.05726507,0.017347567,0.0040074717,0.6440882,0.026035463,0.117819116,0.0066950195,10_000637.wav
0.39001355,0.035389878,0.010723987,0.002434324,0.06824844,0.0095006265,0.08571008,0.0009503596,03_001916.wav
0.47624263,0.10378186,0.050449967,0.00823648,0.045921136,0.005042507,0.02855432,0.006275232,04_001266.wav
0.0019600836,0.01069623,0.0030921898,0.001059797,0.00022799853,2.2061581e-06,0.99076086,8.740518e-05,06_001635.wav
0.12074714,0.24439323,0.09509743,0.025709562,0.67230344,0.024000017,0.0500887,0.0048552146,06_001855.wav
0.21747541,0.085615925,0.041924994,0.003486869,0.040454265,0.015408035,0.58034825,0.016048126,10_002607.wav
0.31936377,0.22743471,0.010470104,0.089949,0.04092382,0.0022967982,0.019011365,0.0027986346,07_000571.wav
0.20919622,0.18221955,0.022898348,0.26111683,0.036158264,0.016161257,0.07888499,0.015073768,03_002405.wav
0.1399439,0.041355167,0.00445326,0.0026611416,0.6748805,0.0045782537,0.027897444,0.0012606257,07_000092.wav
0.13905081,0.2837707,0.06263147,0.60028315,0.07656786,0.018540204,0.111043595,0.020600332,04_000513.wav
0.37348625,0.19685426,0.051523197,0.012030237,0.10664036,0.016677547,0.37894502,0.013329135,03_000377.wav
0.5354924,0.06900562,0.010996485,0.03232667,0.054304067,0.0114817945,0.23110937,0.0023402194,10_000510.wav
0.1431682,0.06934946,0.019758502,0.022733187,0.6473564,0.03830414,0.2742398,0.0034606168,04_000046.wav
0.216771,0.0616396,0.01581106,0.008824888,0.027303018,0.02440921,0.51842785,0.0033042666,04_000994.wav
0.14985922,0.33886576,0.016896661,0.25215176,0.034394175,0.0054614884,0.030962266,0.013284146,09_001321.wav
0.31050363,0.225354,0.012807738,0.12673724,0.021419432,0.002150241,0.020169223,0.0081376,04_000128.wav
0.10525258,0.035253916,0.008714502,0.015507163,0.046865348,0.04810383,0.6458288,0.0028669925,04_001665.wav
0.2614803,0.36341986,0.029025165,0.058458455,0.047905046,0.006639304,0.020886479,0.0073794248,03_001804.wav
0.10782931,0.035411127,0.009717797,0.0070170164,0.045189947,0.04270196,0.6842731,0.005338385,07_000421.wav
0.59430456,0.11963676,0.027794005,0.016924543,0.0882455,0.008145285,0.049095403,0.005679462,00_000275.wav
0.18349656,0.045137174,0.012700614,0.010941935,0.07464851,0.04395219,0.68310183,0.006242851,04_002298.wav
0.28586715,0.19538166,0.010396523,0.12685306,0.04140616,0.0023806999,0.015123723,0.0023036804,03_000119.wav
0.17349999,0.036589496,0.008956922,0.008744458,0.046959743,0.029825613,0.6317254,0.006042803,04_001924.wav
0.15075909,0.03726171,0.009533321,0.009311494,0.031203311,0.021450909,0.72449094,0.016849691,06_002453.wav
0.31906554,0.08430511,0.033543292,0.0061651547,0.060566414,0.027571687,0.3822286,0.012735646,04_003185.wav
0.13241713,0.03393735,0.008761156,0.015452964,0.064642556,0.05278216,0.62973756,0.0035225363,04_002884.wav
0.24469219,0.24414605,0.085406125,0.015093453,0.027094722,0.01012655,0.3128609,0.008895634,06_000806.wav
0.22583663,0.15571004,0.0662914,0.00769245,0.037893,0.010072822,0.6198021,0.014195622,04_000652.wav
0.35508147,0.34456134,0.08475524,0.062076654,0.027688613,0.0029399376,0.03200753,0.005999562,07_001866.wav
0.2392341,0.14591515,0.10325452,0.015338356,0.102427,0.0269766,0.14231227,0.025046745,05_000872.wav
0.546612,0.09360087,0.013013549,0.035259895,0.077590056,0.0076951184,0.22781056,0.01097587,00_001177.wav
0.16227658,0.15478967,0.09291463,0.0074477247,0.0476447,0.018509708,0.63072723,0.013525835,04_001185.wav
0.03846509,0.043760758,0.002247012,0.0032949501,0.8462371,0.002299384,0.036953993,0.00038156117,10_001367.wav
0.49642146,0.06570716,0.012762324,0.016408073,0.025680661,0.0045923027,0.041860964,0.0025068508,04_001599.wav
0.45388862,0.1894057,0.013350198,0.058683228,0.05143021,0.00280886,0.03471209,0.008242816,00_002154.wav
0.49757665,0.05459493,0.009967596,0.02540811,0.059224598,0.0042720074,0.021740954,0.0011225,07_001017.wav
0.48147035,0.18123183,0.019845372,0.013503338,0.037740488,0.002545037,0.04354055,0.021410743,04_000882.wav
0.17984402,0.17464517,0.056178004,0.033053838,0.07530696,0.028479023,0.42013443,0.007470218,06_000849.wav
0.10526965,0.07664976,0.0313677,0.0101598315,0.5446261,0.04844164,0.5433297,0.009532699,06_003053.wav
0.41179433,0.04993896,0.01785301,0.004201128,0.03769602,0.0054468377,0.05071113,0.0019865145,00_001513.wav
0.0023844275,0.01835777,0.0054390556,0.001769309,0.0001992498,1.7852412e-06,0.9890949,8.692947e-05,06_000546.wav
0.3697752,0.07642554,0.012358674,0.16836503,0.068568975,0.020996515,0.058932193,0.0034273963,09_003203.wav
0.2403438,0.14757451,0.073868476,0.0029037497,0.035388093,0.009896289,0.4060629,0.040074423,06_001011.wav
0.27652955,0.05944396,0.010560369,0.030564193,0.63304764,0.021974152,0.11591862,0.002275796,10_003121.wav
0.32541865,0.27518168,0.054866392,0.029267984,0.03376366,0.0029020882,0.052308265,0.018032748,06_002010.wav
0.3494345,0.050053813,0.0085749505,0.13967249,0.09919422,0.039119158,0.47512078,0.0020369058,04_003207.wav
0.15447405,0.10252512,0.05588159,0.0061897095,0.043872584,0.031096833,0.56722784,0.007775347,05_000858.wav
0.09490765,0.042053763,0.014533754,0.0073451097,0.057427466,0.043708358,0.71180356,0.005929706,06_001478.wav
0.36279982,0.07274602,0.0116382195,0.07675115,0.049791332,0.025009042,0.20966741,0.0060575535,06_000013.wav
0.22925016,0.2983538,0.011059971,0.05957537,0.028865075,0.001961741,0.038170133,0.009847156,04_002375.wav
0.13900584,0.07391334,0.025463723,0.01086447,0.058950983,0.023582961,0.6923243,0.010553615,06_000088.wav
0.11103575,0.04180971,0.015100452,0.00982697,0.065308824,0.06421531,0.6603311,0.0057579167,04_002835.wav
0.44098496,0.1573561,0.044848844,0.014816503,0.042008553,0.0051316493,0.1599304,0.008171469,06_001394.wav
0.4398696,0.09584648,0.028782634,0.029385712,0.06242588,0.014194354,0.361238,0.0023860673,10_000770.wav
0.19778846,0.0687423,0.018601513,0.01489942,0.075264834,0.018166604,0.67249084,0.014660327,09_000956.wav
0.1960628,0.25652206,0.020852128,0.060713265,0.26819557,0.009102642,0.36376074,0.020538058,09_002238.wav
0.43112248,0.16556916,0.071222454,0.02018316,0.122416064,0.012770388,0.07545039,0.004117089,10_001116.wav
0.15643294,0.046603885,0.012724835,0.0071369032,0.036428172,0.02723602,0.6654104,0.0082432665,06_000031.wav
0.28383005,0.23188698,0.1518037,0.012836275,0.08603875,0.037211075,0.17507066,0.0061860033,10_001071.wav
0.13927709,0.05213455,0.018090999,0.016225182,0.11978088,0.055028044,0.662478,0.005998874,06_003204.wav
0.123904556,0.044240393,0.011398775,0.011009785,0.04492164,0.03552188,0.6789649,0.003123723,04_002755.wav
0.36974344,0.17875625,0.021165702,0.014256165,0.029689584,0.0013005382,0.013824115,0.011943708,06_001126.wav
0.39165303,0.23651682,0.012596585,0.08102097,0.03541288,0.0025726075,0.020438472,0.0042290967,03_001361.wav
0.16386814,0.04802552,0.017968783,0.0043976344,0.07206374,0.020025674,0.68763995,0.010471497,06_002641.wav
0.310202,0.22980592,0.013071093,0.0801145,0.02484948,0.0019027123,0.014829956,0.0053100237,04_001691.wav
0.10262187,0.05351424,0.0198092,0.008751599,0.045677915,0.03992934,0.67145,0.01210002,04_003174.wav
0.42673498,0.055707328,0.0074675675,0.020166405,0.22169583,0.012218424,0.13313963,0.0019374249,00_002484.wav
0.1446916,0.12460035,0.043133065,0.007109772,0.6816181,0.03540469,0.16093273,0.009081093,06_001170.wav
0.17519967,0.06795179,0.02068388,0.0227644,0.16133833,0.07037429,0.6039494,0.0046685515,06_001383.wav
0.18363424,0.38653126,0.25526085,0.009997686,0.3974032,0.015310365,0.24007441,0.00806312,10_001687.wav
0.41689697,0.060122274,0.026341833,0.004224304,0.027830964,0.005896377,0.048691366,0.008010179,00_001590.wav
0.35543442,0.08347015,0.019741073,0.014289657,0.090254255,0.023648314,0.43633592,0.0038164386,05_001881.wav
0.21324106,0.24662992,0.027785541,0.14315665,0.058404483,0.011339588,0.38178253,0.006130499,09_000737.wav
0.27291983,0.27494767,0.043330297,0.022349043,0.27369478,0.008513899,0.07760209,0.1277817,03_000157.wav
0.11740232,0.0321326,0.0128171295,0.011669409,0.21960834,0.1410601,0.47890735,0.033731017,06_002464.wav
0.13110128,0.10359927,0.05144383,0.009682933,0.041934516,0.017893765,0.48388863,0.11158881,04_000079.wav
0.1195964,0.049471714,0.01634696,0.009814941,0.07101662,0.07666057,0.6114029,0.0030330962,04_003117.wav
0.49702853,0.11129554,0.016990932,0.0127713615,0.024206921,0.003756427,0.036095586,0.0061420263,04_001143.wav
0.002201357,0.008676826,0.0020835092,0.0011456728,0.00024763038,2.8183583e-06,0.9883463,8.729323e-05,04_002229.wav
0.47630557,0.043121476,0.01026525,0.019604402,0.05146919,0.0068677636,0.04048256,0.0025406734,06_000991.wav
0.44678503,0.12058134,0.034712665,0.023880443,0.099342875,0.023657294,0.14717695,0.0098553505,10_000247.wav
0.1418972,0.034807753,0.004187747,0.0024248566,0.7083791,0.0065503027,0.060551673,0.0016597536,10_002364.wav
0.25034693,0.11214875,0.025474694,0.032770503,0.61895096,0.021057162,0.15767232,0.0066516087,03_001573.wav
0.17814818,0.24521373,0.16733767,0.0054955645,0.05174907,0.013642404,0.50339806,0.009295585,10_002295.wav
0.15392415,0.12185555,0.08226131,0.006064083,0.09644918,0.050349347,0.49112895,0.04013648,06_000413.wav
0.15246615,0.06568658,0.018079255,0.010698228,0.12658122,0.027978722,0.64210606,0.019920748,06_000196.wav
0.07024314,0.041887723,0.013947321,0.008449769,0.03395577,0.023251774,0.72055876,0.003200925,06_000050.wav
0.12938738,0.55563813,0.03857682,0.017648878,0.02507494,0.0025796304,0.020313868,0.0047603524,04_001523.wav
0.13235976,0.03562341,0.0038128546,0.0031513206,0.72143286,0.0068609673,0.14134283,0.0018425777,03_001323.wav
0.45987603,0.06066188,0.015931714,0.027572393,0.030033685,0.009518762,0.029807873,0.0018805454,07_001459.wav
0.13757892,0.44322747,0.05278401,0.29162082,0.047566786,0.00758759,0.033747505,0.022262732,09_003060.wav
0.12379351,0.5929448,0.08378997,0.032753535,0.018102746,0.0058009396,0.10101778,0.0047817733,06_001631.wav
0.34490094,0.34104946,0.039516058,0.024706887,0.059977703,0.003416654,0.082458995,0.020315956,03_001923.wav
0.5645139,0.095174044,0.04170761,0.009411722,0.03278511,0.005695442,0.04410029,0.0030194204,00_001840.wav
0.17164263,0.044898126,0.01999033,0.008371297,0.111128844,0.06599873,0.50268096,0.018470567,04_001103.wav
0.14273058,0.58444685,0.060297407,0.03288006,0.018653395,0.0052307886,0.03517659,0.004306424,06_001522.wav
0.18302499,0.255391,0.15907662,0.0058495672,0.03513052,0.011937734,0.30426568,0.016632136,10_002947.wav
0.38770804,0.14890496,0.009531341,0.05329688,0.01911185,0.001145059,0.009331425,0.001892325,07_000198.wav
0.45933172,0.19886057,0.013289516,0.05197528,0.09549628,0.008276622,0.06862464,0.0076341,03_000266.wav
0.4806529,0.120793626,0.020150954,0.030531777,0.12612098,0.017247101,0.33429918,0.0036827826,10_002599.wav
0.26764947,0.104949586,0.047503505,0.004086907,0.06339579,0.027914027,0.39477044,0.00650802,03_002894.wav
